index	bus	snom
1	1	1.7067168565311823
2	2	0.3333333333333333
3	3	0.3333333333333333
