index	bus	snom
0	8	1.7730012581475083
1	9	1.6745617783534217
2	10	1.8690362553561508
3	11	1.9867152224628015
4	13	2.5913147754531773
5	15	1.9351860207133649
6	17	2.1520639560219186
7	18	2.414723176341456
8	19	2.598535940189412
9	21	2.4010618624332576
10	22	1.8850438490729584
11	24	2.36014008383839
12	26	2.892234160181293
13	28	2.0870429799898256
14	30	2.9324456606297677
15	31	1.9724173107379743
16	32	2.3663746582204905
17	33	1.5626384136691782
