index	busf	bust	imax	x	r	b
1	0	1	999.0	0.002419	0.001178	0.0003395
2	2	3	999.0	0.027174	0.013234	0.0000472